{"cameraMode":{"drawMode":0,"name":"Shaded","section":"Shading Mode"},"sceneLighting":false,"audioPlay":false,"sceneViewState":{"showFog":true,"showMaterialUpdate":false,"showSkybox":false,"showFlares":true,"showImageEffects":true,"showParticleSystems":true},"in2DMode":false,"pivot":{"x":-2.036407232284546,"y":1.78354012966156,"z":-1.6820203065872193},"rotation":{"x":0.08345838636159897,"y":0.9135021567344666,"z":-0.23989322781562806,"w":0.31780555844306948},"size":7.2363600730896,"orthographic":false}